LocalTime, GPSTime, ESSID, BSSID, Power, Security, Latitude, Longitude, Latitude Error, Longitude Error, Type
2026-07-29 21:19:22,1900-01-00 00:00:00,,98:A9:42:45:C3:0F,-21, ,0.000000,0.000000,0.000,0.000,AP
2026-07-29 21:19:22,1900-01-00 00:00:00,MTN_4G_45C30F,98:A9:42:45:C3:0F,-21, WPA2 ,0.000000,0.000000,0.000,0.000,AP
2026-07-29 21:19:22,1900-01-00 00:00:00,MTN_4G_45C30F,98:A9:42:45:C3:0F,-21, WPA2 ,0.000000,0.000000,0.000,0.000,AP
2026-07-29 21:19:22,1900-01-00 00:00:00,MTN_4G_45C30F,98:A9:42:45:C3:0F,-21, WPA2 ,0.000000,0.000000,0.000,0.000,AP
2026-07-29 21:19:22,1900-01-00 00:00:00,MTN_4G_45C30F,98:A9:42:45:C3:0F,-21, WPA2 ,0.000000,0.000000,0.000,0.000,AP
2026-07-29 21:19:22,1900-01-00 00:00:00,MTN_4G_45C30F,98:A9:42:45:C3:0F,-21, WPA2 ,0.000000,0.000000,0.000,0.000,AP
2026-07-29 21:19:22,1900-01-00 00:00:00,MTN_4G_45C30F,98:A9:42:45:C3:0F,-21, WPA2 ,0.000000,0.000000,0.000,0.000,AP
2026-07-29 21:19:23,1900-01-00 00:00:00,MTN_4G_45C30F,98:A9:42:45:C3:0F,-21, WPA2 ,0.000000,0.000000,0.000,0.000,AP
2026-07-29 21:19:23,1900-01-00 00:00:00,MTN_4G_45C30F,98:A9:42:45:C3:0F,-21, WPA2 ,0.000000,0.000000,0.000,0.000,AP
2026-07-29 21:19:23,1900-01-00 00:00:00,MTN_4G_45C30F,98:A9:42:45:C3:0F,-21, WPA2 ,0.000000,0.000000,0.000,0.000,AP
2026-07-29 21:19:23,1900-01-00 00:00:00,MTN_4G_45C30F,98:A9:42:45:C3:0F,-21, WPA2 ,0.000000,0.000000,0.000,0.000,AP
2026-07-29 21:19:23,1900-01-00 00:00:00,MTN_4G_45C30F,98:A9:42:45:C3:0F,-21, WPA2 ,0.000000,0.000000,0.000,0.000,AP
2026-07-29 21:19:23,1900-01-00 00:00:00,MTN_4G_45C30F,98:A9:42:45:C3:0F,-21, WPA2 ,0.000000,0.000000,0.000,0.000,AP
2026-07-29 21:19:23,1900-01-00 00:00:00,MTN_4G_45C30F,98:A9:42:45:C3:0F,-21, WPA2 ,0.000000,0.000000,0.000,0.000,AP
2026-07-29 21:19:23,1900-01-00 00:00:00,MTN_4G_45C30F,98:A9:42:45:C3:0F,-20, WPA2 ,0.000000,0.000000,0.000,0.000,AP
2026-07-29 21:19:23,1900-01-00 00:00:00,MTN_4G_45C30F,98:A9:42:45:C3:0F,-21, WPA2 ,0.000000,0.000000,0.000,0.000,AP
2026-07-29 21:19:23,1900-01-00 00:00:00,MTN_4G_45C30F,98:A9:42:45:C3:0F,-21, WPA2 ,0.000000,0.000000,0.000,0.000,AP
2026-07-29 21:19:23,1900-01-00 00:00:00,MTN_4G_45C30F,98:A9:42:45:C3:0F,-21, WPA2 ,0.000000,0.000000,0.000,0.000,AP
2026-07-29 21:19:23,1900-01-00 00:00:00,,5E:EE:FC:DC:AF:21,-22,,0.000000,0.000000,0.000,0.000,Client
2026-07-29 21:19:23,1900-01-00 00:00:00,MTN_4G_45C30F,98:A9:42:45:C3:0F,-27, WPA2 ,0.000000,0.000000,0.000,0.000,AP
2026-07-29 21:19:23,1900-01-00 00:00:00,,5E:EE:FC:DC:AF:21,-24,,0.000000,0.000000,0.000,0.000,Client
2026-07-29 21:19:23,1900-01-00 00:00:00,,5E:EE:FC:DC:AF:21,-24,,0.000000,0.000000,0.000,0.000,Client
2026-07-29 21:19:23,1900-01-00 00:00:00,MTN_4G_45C30F,98:A9:42:45:C3:0F,-21, WPA2 ,0.000000,0.000000,0.000,0.000,AP
2026-07-29 21:19:24,1900-01-00 00:00:00,MTN_4G_45C30F,98:A9:42:45:C3:0F,-21, WPA2 ,0.000000,0.000000,0.000,0.000,AP
2026-07-29 21:19:24,1900-01-00 00:00:00,,5E:EE:FC:DC:AF:21,-22,,0.000000,0.000000,0.000,0.000,Client
2026-07-29 21:19:24,1900-01-00 00:00:00,MTN_4G_45C30F,98:A9:42:45:C3:0F,-21, WPA2 ,0.000000,0.000000,0.000,0.000,AP
2026-07-29 21:19:24,1900-01-00 00:00:00,MTN_4G_45C30F,98:A9:42:45:C3:0F,-21, WPA2 ,0.000000,0.000000,0.000,0.000,AP
2026-07-29 21:19:24,1900-01-00 00:00:00,MTN_4G_45C30F,98:A9:42:45:C3:0F,-21, WPA2 ,0.000000,0.000000,0.000,0.000,AP
2026-07-29 21:19:24,1900-01-00 00:00:00,MTN_4G_45C30F,98:A9:42:45:C3:0F,-20, WPA2 ,0.000000,0.000000,0.000,0.000,AP
2026-07-29 21:19:24,1900-01-00 00:00:00,MTN_4G_45C30F,98:A9:42:45:C3:0F,-21, WPA2 ,0.000000,0.000000,0.000,0.000,AP
2026-07-29 21:19:24,1900-01-00 00:00:00,MTN_4G_45C30F,98:A9:42:45:C3:0F,-21, WPA2 ,0.000000,0.000000,0.000,0.000,AP
2026-07-29 21:19:24,1900-01-00 00:00:00,MTN_4G_45C30F,98:A9:42:45:C3:0F,-21, WPA2 ,0.000000,0.000000,0.000,0.000,AP
2026-07-29 21:19:24,1900-01-00 00:00:00,MTN_4G_45C30F,98:A9:42:45:C3:0F,-21, WPA2 ,0.000000,0.000000,0.000,0.000,AP
2026-07-29 21:19:24,1900-01-00 00:00:00,MTN_4G_45C30F,98:A9:42:45:C3:0F,-21, WPA2 ,0.000000,0.000000,0.000,0.000,AP
2026-07-29 21:19:24,1900-01-00 00:00:00,MTN_4G_45C30F,98:A9:42:45:C3:0F,-21, WPA2 ,0.000000,0.000000,0.000,0.000,AP
2026-07-29 21:19:25,1900-01-00 00:00:00,MTN_4G_45C30F,98:A9:42:45:C3:0F,-21, WPA2 ,0.000000,0.000000,0.000,0.000,AP
2026-07-29 21:19:25,1900-01-00 00:00:00,MTN_4G_45C30F,98:A9:42:45:C3:0F,-21, WPA2 ,0.000000,0.000000,0.000,0.000,AP
2026-07-29 21:19:25,1900-01-00 00:00:00,MTN_4G_45C30F,98:A9:42:45:C3:0F,-21, WPA2 ,0.000000,0.000000,0.000,0.000,AP
2026-07-29 21:19:25,1900-01-00 00:00:00,MTN_4G_45C30F,98:A9:42:45:C3:0F,-21, WPA2 ,0.000000,0.000000,0.000,0.000,AP
2026-07-29 21:19:25,1900-01-00 00:00:00,MTN_4G_45C30F,98:A9:42:45:C3:0F,-21, WPA2 ,0.000000,0.000000,0.000,0.000,AP
2026-07-29 21:19:25,1900-01-00 00:00:00,MTN_4G_45C30F,98:A9:42:45:C3:0F,-21, WPA2 ,0.000000,0.000000,0.000,0.000,AP
2026-07-29 21:19:25,1900-01-00 00:00:00,MTN_4G_45C30F,98:A9:42:45:C3:0F,-21, WPA2 ,0.000000,0.000000,0.000,0.000,AP
2026-07-29 21:19:25,1900-01-00 00:00:00,MTN_4G_45C30F,98:A9:42:45:C3:0F,-21, WPA2 ,0.000000,0.000000,0.000,0.000,AP
2026-07-29 21:19:25,1900-01-00 00:00:00,MTN_4G_45C30F,98:A9:42:45:C3:0F,-21, WPA2 ,0.000000,0.000000,0.000,0.000,AP
2026-07-29 21:19:25,1900-01-00 00:00:00,MTN_4G_45C30F,98:A9:42:45:C3:0F,-21, WPA2 ,0.000000,0.000000,0.000,0.000,AP
2026-07-29 21:19:25,1900-01-00 00:00:00,MTN_4G_45C30F,98:A9:42:45:C3:0F,-21, WPA2 ,0.000000,0.000000,0.000,0.000,AP
2026-07-29 21:19:26,1900-01-00 00:00:00,MTN_4G_45C30F,98:A9:42:45:C3:0F,-21, WPA2 ,0.000000,0.000000,0.000,0.000,AP
2026-07-29 21:19:26,1900-01-00 00:00:00,MTN_4G_45C30F,98:A9:42:45:C3:0F,-21, WPA2 ,0.000000,0.000000,0.000,0.000,AP
2026-07-29 21:19:26,1900-01-00 00:00:00,MTN_4G_45C30F,98:A9:42:45:C3:0F,-21, WPA2 ,0.000000,0.000000,0.000,0.000,AP
2026-07-29 21:19:26,1900-01-00 00:00:00,MTN_4G_45C30F,98:A9:42:45:C3:0F,-21, WPA2 ,0.000000,0.000000,0.000,0.000,AP
2026-07-29 21:19:26,1900-01-00 00:00:00,MTN_4G_45C30F,98:A9:42:45:C3:0F,-21, WPA2 ,0.000000,0.000000,0.000,0.000,AP
2026-07-29 21:19:26,1900-01-00 00:00:00,MTN_4G_45C30F,98:A9:42:45:C3:0F,-21, WPA2 ,0.000000,0.000000,0.000,0.000,AP
2026-07-29 21:19:26,1900-01-00 00:00:00,MTN_4G_45C30F,98:A9:42:45:C3:0F,-20, WPA2 ,0.000000,0.000000,0.000,0.000,AP
2026-07-29 21:19:26,1900-01-00 00:00:00,MTN_4G_45C30F,98:A9:42:45:C3:0F,-21, WPA2 ,0.000000,0.000000,0.000,0.000,AP
2026-07-29 21:19:26,1900-01-00 00:00:00,MTN_4G_45C30F,98:A9:42:45:C3:0F,-21, WPA2 ,0.000000,0.000000,0.000,0.000,AP
2026-07-29 21:19:26,1900-01-00 00:00:00,,5E:EE:FC:DC:AF:21,-24,,0.000000,0.000000,0.000,0.000,Client
2026-07-29 21:19:26,1900-01-00 00:00:00,,5E:EE:FC:DC:AF:21,-22,,0.000000,0.000000,0.000,0.000,Client
2026-07-29 21:19:26,1900-01-00 00:00:00,MTN_4G_45C30F,98:A9:42:45:C3:0F,-21, WPA2 ,0.000000,0.000000,0.000,0.000,AP
2026-07-29 21:19:26,1900-01-00 00:00:00,MTN_4G_45C30F,98:A9:42:45:C3:0F,-26, WPA2 ,0.000000,0.000000,0.000,0.000,AP
2026-07-29 21:19:26,1900-01-00 00:00:00,MTN_4G_45C30F,98:A9:42:45:C3:0F,-21, WPA2 ,0.000000,0.000000,0.000,0.000,AP
2026-07-29 21:19:27,1900-01-00 00:00:00,,5E:EE:FC:DC:AF:21,-22,,0.000000,0.000000,0.000,0.000,Client
2026-07-29 21:19:27,1900-01-00 00:00:00,MTN_4G_45C30F,98:A9:42:45:C3:0F,-21, WPA2 ,0.000000,0.000000,0.000,0.000,AP
2026-07-29 21:19:27,1900-01-00 00:00:00,MTN_4G_45C30F,98:A9:42:45:C3:0F,-21, WPA2 ,0.000000,0.000000,0.000,0.000,AP
2026-07-29 21:19:27,1900-01-00 00:00:00,MTN_4G_45C30F,98:A9:42:45:C3:0F,-21, WPA2 ,0.000000,0.000000,0.000,0.000,AP
2026-07-29 21:19:27,1900-01-00 00:00:00,MTN_4G_45C30F,98:A9:42:45:C3:0F,-21, WPA2 ,0.000000,0.000000,0.000,0.000,AP
2026-07-29 21:19:27,1900-01-00 00:00:00,MTN_4G_45C30F,98:A9:42:45:C3:0F,-21, WPA2 ,0.000000,0.000000,0.000,0.000,AP
2026-07-29 21:19:27,1900-01-00 00:00:00,MTN_4G_45C30F,98:A9:42:45:C3:0F,-21, WPA2 ,0.000000,0.000000,0.000,0.000,AP
2026-07-29 21:19:27,1900-01-00 00:00:00,MTN_4G_45C30F,98:A9:42:45:C3:0F,-21, WPA2 ,0.000000,0.000000,0.000,0.000,AP
2026-07-29 21:19:27,1900-01-00 00:00:00,MTN_4G_45C30F,98:A9:42:45:C3:0F,-21, WPA2 ,0.000000,0.000000,0.000,0.000,AP
2026-07-29 21:19:27,1900-01-00 00:00:00,MTN_4G_45C30F,98:A9:42:45:C3:0F,-21, WPA2 ,0.000000,0.000000,0.000,0.000,AP
2026-07-29 21:19:27,1900-01-00 00:00:00,MTN_4G_45C30F,98:A9:42:45:C3:0F,-21, WPA2 ,0.000000,0.000000,0.000,0.000,AP
2026-07-29 21:19:28,1900-01-00 00:00:00,MTN_4G_45C30F,98:A9:42:45:C3:0F,-21, WPA2 ,0.000000,0.000000,0.000,0.000,AP
2026-07-29 21:19:28,1900-01-00 00:00:00,MTN_4G_45C30F,98:A9:42:45:C3:0F,-21, WPA2 ,0.000000,0.000000,0.000,0.000,AP
2026-07-29 21:19:28,1900-01-00 00:00:00,MTN_4G_45C30F,98:A9:42:45:C3:0F,-21, WPA2 ,0.000000,0.000000,0.000,0.000,AP
2026-07-29 21:19:28,1900-01-00 00:00:00,MTN_4G_45C30F,98:A9:42:45:C3:0F,-21, WPA2 ,0.000000,0.000000,0.000,0.000,AP
2026-07-29 21:19:28,1900-01-00 00:00:00,MTN_4G_45C30F,98:A9:42:45:C3:0F,-21, WPA2 ,0.000000,0.000000,0.000,0.000,AP
2026-07-29 21:19:28,1900-01-00 00:00:00,MTN_4G_45C30F,98:A9:42:45:C3:0F,-21, WPA2 ,0.000000,0.000000,0.000,0.000,AP
2026-07-29 21:19:28,1900-01-00 00:00:00,MTN_4G_45C30F,98:A9:42:45:C3:0F,-21, WPA2 ,0.000000,0.000000,0.000,0.000,AP
2026-07-29 21:19:28,1900-01-00 00:00:00,MTN_4G_45C30F,98:A9:42:45:C3:0F,-21, WPA2 ,0.000000,0.000000,0.000,0.000,AP
2026-07-29 21:19:28,1900-01-00 00:00:00,MTN_4G_45C30F,98:A9:42:45:C3:0F,-21, WPA2 ,0.000000,0.000000,0.000,0.000,AP
2026-07-29 21:19:28,1900-01-00 00:00:00,MTN_4G_45C30F,98:A9:42:45:C3:0F,-21, WPA2 ,0.000000,0.000000,0.000,0.000,AP
2026-07-29 21:19:28,1900-01-00 00:00:00,MTN_4G_45C30F,98:A9:42:45:C3:0F,-21, WPA2 ,0.000000,0.000000,0.000,0.000,AP
2026-07-29 21:19:29,1900-01-00 00:00:00,MTN_4G_45C30F,98:A9:42:45:C3:0F,-21, WPA2 ,0.000000,0.000000,0.000,0.000,AP
2026-07-29 21:19:29,1900-01-00 00:00:00,MTN_4G_45C30F,98:A9:42:45:C3:0F,-21, WPA2 ,0.000000,0.000000,0.000,0.000,AP
2026-07-29 21:19:29,1900-01-00 00:00:00,MTN_4G_45C30F,98:A9:42:45:C3:0F,-21, WPA2 ,0.000000,0.000000,0.000,0.000,AP
2026-07-29 21:19:29,1900-01-00 00:00:00,MTN_4G_45C30F,98:A9:42:45:C3:0F,-21, WPA2 ,0.000000,0.000000,0.000,0.000,AP
2026-07-29 21:19:29,1900-01-00 00:00:00,MTN_4G_45C30F,98:A9:42:45:C3:0F,-21, WPA2 ,0.000000,0.000000,0.000,0.000,AP
2026-07-29 21:19:29,1900-01-00 00:00:00,MTN_4G_45C30F,98:A9:42:45:C3:0F,-21, WPA2 ,0.000000,0.000000,0.000,0.000,AP
2026-07-29 21:19:29,1900-01-00 00:00:00,MTN_4G_45C30F,98:A9:42:45:C3:0F,-21, WPA2 ,0.000000,0.000000,0.000,0.000,AP
2026-07-29 21:19:29,1900-01-00 00:00:00,MTN_4G_45C30F,98:A9:42:45:C3:0F,-20, WPA2 ,0.000000,0.000000,0.000,0.000,AP
2026-07-29 21:19:29,1900-01-00 00:00:00,MTN_4G_45C30F,98:A9:42:45:C3:0F,-21, WPA2 ,0.000000,0.000000,0.000,0.000,AP
2026-07-29 21:19:29,1900-01-00 00:00:00,MTN_4G_45C30F,98:A9:42:45:C3:0F,-21, WPA2 ,0.000000,0.000000,0.000,0.000,AP
2026-07-29 21:19:29,1900-01-00 00:00:00,MTN_4G_45C30F,98:A9:42:45:C3:0F,-21, WPA2 ,0.000000,0.000000,0.000,0.000,AP
2026-07-29 21:19:30,1900-01-00 00:00:00,MTN_4G_45C30F,98:A9:42:45:C3:0F,-21, WPA2 ,0.000000,0.000000,0.000,0.000,AP
2026-07-29 21:19:30,1900-01-00 00:00:00,MTN_4G_45C30F,98:A9:42:45:C3:0F,-21, WPA2 ,0.000000,0.000000,0.000,0.000,AP
2026-07-29 21:19:30,1900-01-00 00:00:00,MTN_4G_45C30F,98:A9:42:45:C3:0F,-21, WPA2 ,0.000000,0.000000,0.000,0.000,AP
2026-07-29 21:19:30,1900-01-00 00:00:00,MTN_4G_45C30F,98:A9:42:45:C3:0F,-21, WPA2 ,0.000000,0.000000,0.000,0.000,AP
2026-07-29 21:19:30,1900-01-00 00:00:00,MTN_4G_45C30F,98:A9:42:45:C3:0F,-21, WPA2 ,0.000000,0.000000,0.000,0.000,AP
2026-07-29 21:19:30,1900-01-00 00:00:00,MTN_4G_45C30F,98:A9:42:45:C3:0F,-21, WPA2 ,0.000000,0.000000,0.000,0.000,AP
2026-07-29 21:19:30,1900-01-00 00:00:00,MTN_4G_45C30F,98:A9:42:45:C3:0F,-21, WPA2 ,0.000000,0.000000,0.000,0.000,AP
2026-07-29 21:19:30,1900-01-00 00:00:00,MTN_4G_45C30F,98:A9:42:45:C3:0F,-20, WPA2 ,0.000000,0.000000,0.000,0.000,AP
2026-07-29 21:19:30,1900-01-00 00:00:00,MTN_4G_45C30F,98:A9:42:45:C3:0F,-21, WPA2 ,0.000000,0.000000,0.000,0.000,AP
2026-07-29 21:19:30,1900-01-00 00:00:00,MTN_4G_45C30F,98:A9:42:45:C3:0F,-21, WPA2 ,0.000000,0.000000,0.000,0.000,AP
2026-07-29 21:19:30,1900-01-00 00:00:00,MTN_4G_45C30F,98:A9:42:45:C3:0F,-21, WPA2 ,0.000000,0.000000,0.000,0.000,AP
2026-07-29 21:19:31,1900-01-00 00:00:00,MTN_4G_45C30F,98:A9:42:45:C3:0F,-21, WPA2 ,0.000000,0.000000,0.000,0.000,AP
2026-07-29 21:19:31,1900-01-00 00:00:00,MTN_4G_45C30F,98:A9:42:45:C3:0F,-21, WPA2 ,0.000000,0.000000,0.000,0.000,AP
2026-07-29 21:19:31,1900-01-00 00:00:00,MTN_4G_45C30F,98:A9:42:45:C3:0F,-21, WPA2 ,0.000000,0.000000,0.000,0.000,AP
2026-07-29 21:19:31,1900-01-00 00:00:00,MTN_4G_45C30F,98:A9:42:45:C3:0F,-21, WPA2 ,0.000000,0.000000,0.000,0.000,AP
2026-07-29 21:19:31,1900-01-00 00:00:00,MTN_4G_45C30F,98:A9:42:45:C3:0F,-21, WPA2 ,0.000000,0.000000,0.000,0.000,AP
2026-07-29 21:19:31,1900-01-00 00:00:00,MTN_4G_45C30F,98:A9:42:45:C3:0F,-21, WPA2 ,0.000000,0.000000,0.000,0.000,AP
2026-07-29 21:19:31,1900-01-00 00:00:00,MTN_4G_45C30F,98:A9:42:45:C3:0F,-21, WPA2 ,0.000000,0.000000,0.000,0.000,AP
2026-07-29 21:19:31,1900-01-00 00:00:00,MTN_4G_45C30F,98:A9:42:45:C3:0F,-21, WPA2 ,0.000000,0.000000,0.000,0.000,AP
2026-07-29 21:19:31,1900-01-00 00:00:00,MTN_4G_45C30F,98:A9:42:45:C3:0F,-20, WPA2 ,0.000000,0.000000,0.000,0.000,AP
2026-07-29 21:19:31,1900-01-00 00:00:00,MTN_4G_45C30F,98:A9:42:45:C3:0F,-21, WPA2 ,0.000000,0.000000,0.000,0.000,AP
2026-07-29 21:19:31,1900-01-00 00:00:00,MTN_4G_45C30F,98:A9:42:45:C3:0F,-21, WPA2 ,0.000000,0.000000,0.000,0.000,AP
2026-07-29 21:19:32,1900-01-00 00:00:00,MTN_4G_45C30F,98:A9:42:45:C3:0F,-21, WPA2 ,0.000000,0.000000,0.000,0.000,AP
2026-07-29 21:19:32,1900-01-00 00:00:00,MTN_4G_45C30F,98:A9:42:45:C3:0F,-20, WPA2 ,0.000000,0.000000,0.000,0.000,AP
2026-07-29 21:19:32,1900-01-00 00:00:00,MTN_4G_45C30F,98:A9:42:45:C3:0F,-21, WPA2 ,0.000000,0.000000,0.000,0.000,AP
2026-07-29 21:19:32,1900-01-00 00:00:00,MTN_4G_45C30F,98:A9:42:45:C3:0F,-21, WPA2 ,0.000000,0.000000,0.000,0.000,AP
2026-07-29 21:19:32,1900-01-00 00:00:00,MTN_4G_45C30F,98:A9:42:45:C3:0F,-21, WPA2 ,0.000000,0.000000,0.000,0.000,AP
2026-07-29 21:19:32,1900-01-00 00:00:00,MTN_4G_45C30F,98:A9:42:45:C3:0F,-21, WPA2 ,0.000000,0.000000,0.000,0.000,AP
2026-07-29 21:19:32,1900-01-00 00:00:00,MTN_4G_45C30F,98:A9:42:45:C3:0F,-21, WPA2 ,0.000000,0.000000,0.000,0.000,AP
2026-07-29 21:19:32,1900-01-00 00:00:00,MTN_4G_45C30F,98:A9:42:45:C3:0F,-21, WPA2 ,0.000000,0.000000,0.000,0.000,AP
2026-07-29 21:19:32,1900-01-00 00:00:00,MTN_4G_45C30F,98:A9:42:45:C3:0F,-21, WPA2 ,0.000000,0.000000,0.000,0.000,AP
2026-07-29 21:19:32,1900-01-00 00:00:00,MTN_4G_45C30F,98:A9:42:45:C3:0F,-21, WPA2 ,0.000000,0.000000,0.000,0.000,AP
2026-07-29 21:19:32,1900-01-00 00:00:00,MTN_4G_45C30F,98:A9:42:45:C3:0F,-20, WPA2 ,0.000000,0.000000,0.000,0.000,AP
2026-07-29 21:19:32,1900-01-00 00:00:00,MTN_4G_45C30F,98:A9:42:45:C3:0F,-21, WPA2 ,0.000000,0.000000,0.000,0.000,AP
2026-07-29 21:19:33,1900-01-00 00:00:00,MTN_4G_45C30F,98:A9:42:45:C3:0F,-21, WPA2 ,0.000000,0.000000,0.000,0.000,AP
2026-07-29 21:19:33,1900-01-00 00:00:00,MTN_4G_45C30F,98:A9:42:45:C3:0F,-21, WPA2 ,0.000000,0.000000,0.000,0.000,AP
2026-07-29 21:19:33,1900-01-00 00:00:00,MTN_4G_45C30F,98:A9:42:45:C3:0F,-21, WPA2 ,0.000000,0.000000,0.000,0.000,AP
2026-07-29 21:19:33,1900-01-00 00:00:00,MTN_4G_45C30F,98:A9:42:45:C3:0F,-20, WPA2 ,0.000000,0.000000,0.000,0.000,AP
2026-07-29 21:19:33,1900-01-00 00:00:00,,5E:EE:FC:DC:AF:21,-23,,0.000000,0.000000,0.000,0.000,Client
2026-07-29 21:19:33,1900-01-00 00:00:00,,5E:EE:FC:DC:AF:21,-23,,0.000000,0.000000,0.000,0.000,Client
2026-07-29 21:19:33,1900-01-00 00:00:00,,5E:EE:FC:DC:AF:21,-21,,0.000000,0.000000,0.000,0.000,Client
2026-07-29 21:19:33,1900-01-00 00:00:00,MTN_4G_45C30F,98:A9:42:45:C3:0F,-21, WPA2 ,0.000000,0.000000,0.000,0.000,AP
2026-07-29 21:19:33,1900-01-00 00:00:00,MTN_4G_45C30F,98:A9:42:45:C3:0F,-21, WPA2 ,0.000000,0.000000,0.000,0.000,AP
2026-07-29 21:19:33,1900-01-00 00:00:00,MTN_4G_45C30F,98:A9:42:45:C3:0F,-21, WPA2 ,0.000000,0.000000,0.000,0.000,AP
2026-07-29 21:19:33,1900-01-00 00:00:00,MTN_4G_45C30F,98:A9:42:45:C3:0F,-21, WPA2 ,0.000000,0.000000,0.000,0.000,AP
2026-07-29 21:19:33,1900-01-00 00:00:00,,5E:EE:FC:DC:AF:21,-21,,0.000000,0.000000,0.000,0.000,Client
2026-07-29 21:19:33,1900-01-00 00:00:00,MTN_4G_45C30F,98:A9:42:45:C3:0F,-21, WPA2 ,0.000000,0.000000,0.000,0.000,AP
2026-07-29 21:19:33,1900-01-00 00:00:00,MTN_4G_45C30F,98:A9:42:45:C3:0F,-21, WPA2 ,0.000000,0.000000,0.000,0.000,AP
2026-07-29 21:19:33,1900-01-00 00:00:00,MTN_4G_45C30F,98:A9:42:45:C3:0F,-21, WPA2 ,0.000000,0.000000,0.000,0.000,AP
2026-07-29 21:19:33,1900-01-00 00:00:00,MTN_4G_45C30F,98:A9:42:45:C3:0F,-21, WPA2 ,0.000000,0.000000,0.000,0.000,AP
2026-07-29 21:19:33,1900-01-00 00:00:00,MTN_4G_45C30F,98:A9:42:45:C3:0F,-21, WPA2 ,0.000000,0.000000,0.000,0.000,AP
2026-07-29 21:19:33,1900-01-00 00:00:00,MTN_4G_45C30F,98:A9:42:45:C3:0F,-21, WPA2 ,0.000000,0.000000,0.000,0.000,AP
2026-07-29 21:19:33,1900-01-00 00:00:00,MTN_4G_45C30F,98:A9:42:45:C3:0F,-21, WPA2 ,0.000000,0.000000,0.000,0.000,AP
2026-07-29 21:19:33,1900-01-00 00:00:00,MTN_4G_45C30F,98:A9:42:45:C3:0F,-21, WPA2 ,0.000000,0.000000,0.000,0.000,AP
2026-07-29 21:19:33,1900-01-00 00:00:00,MTN_4G_45C30F,98:A9:42:45:C3:0F,-21, WPA2 ,0.000000,0.000000,0.000,0.000,AP
2026-07-29 21:19:34,1900-01-00 00:00:00,MTN_4G_45C30F,98:A9:42:45:C3:0F,-21, WPA2 ,0.000000,0.000000,0.000,0.000,AP
2026-07-29 21:19:34,1900-01-00 00:00:00,MTN_4G_45C30F,98:A9:42:45:C3:0F,-21, WPA2 ,0.000000,0.000000,0.000,0.000,AP
2026-07-29 21:19:34,1900-01-00 00:00:00,MTN_4G_45C30F,98:A9:42:45:C3:0F,-21, WPA2 ,0.000000,0.000000,0.000,0.000,AP
2026-07-29 21:19:34,1900-01-00 00:00:00,MTN_4G_45C30F,98:A9:42:45:C3:0F,-21, WPA2 ,0.000000,0.000000,0.000,0.000,AP
2026-07-29 21:19:34,1900-01-00 00:00:00,MTN_4G_45C30F,98:A9:42:45:C3:0F,-21, WPA2 ,0.000000,0.000000,0.000,0.000,AP
2026-07-29 21:19:34,1900-01-00 00:00:00,MTN_4G_45C30F,98:A9:42:45:C3:0F,-21, WPA2 ,0.000000,0.000000,0.000,0.000,AP
2026-07-29 21:19:34,1900-01-00 00:00:00,MTN_4G_45C30F,98:A9:42:45:C3:0F,-21, WPA2 ,0.000000,0.000000,0.000,0.000,AP
2026-07-29 21:19:34,1900-01-00 00:00:00,MTN_4G_45C30F,98:A9:42:45:C3:0F,-21, WPA2 ,0.000000,0.000000,0.000,0.000,AP
2026-07-29 21:19:34,1900-01-00 00:00:00,MTN_4G_45C30F,98:A9:42:45:C3:0F,-21, WPA2 ,0.000000,0.000000,0.000,0.000,AP
2026-07-29 21:19:34,1900-01-00 00:00:00,MTN_4G_45C30F,98:A9:42:45:C3:0F,-21, WPA2 ,0.000000,0.000000,0.000,0.000,AP
2026-07-29 21:19:35,1900-01-00 00:00:00,MTN_4G_45C30F,98:A9:42:45:C3:0F,-21, WPA2 ,0.000000,0.000000,0.000,0.000,AP
2026-07-29 21:19:35,1900-01-00 00:00:00,MTN_4G_45C30F,98:A9:42:45:C3:0F,-21, WPA2 ,0.000000,0.000000,0.000,0.000,AP
2026-07-29 21:19:35,1900-01-00 00:00:00,MTN_4G_45C30F,98:A9:42:45:C3:0F,-21, WPA2 ,0.000000,0.000000,0.000,0.000,AP
2026-07-29 21:19:35,1900-01-00 00:00:00,MTN_4G_45C30F,98:A9:42:45:C3:0F,-21, WPA2 ,0.000000,0.000000,0.000,0.000,AP
2026-07-29 21:19:35,1900-01-00 00:00:00,MTN_4G_45C30F,98:A9:42:45:C3:0F,-21, WPA2 ,0.000000,0.000000,0.000,0.000,AP
2026-07-29 21:19:35,1900-01-00 00:00:00,MTN_4G_45C30F,98:A9:42:45:C3:0F,-21, WPA2 ,0.000000,0.000000,0.000,0.000,AP
2026-07-29 21:19:35,1900-01-00 00:00:00,MTN_4G_45C30F,98:A9:42:45:C3:0F,-21, WPA2 ,0.000000,0.000000,0.000,0.000,AP
2026-07-29 21:19:35,1900-01-00 00:00:00,MTN_4G_45C30F,98:A9:42:45:C3:0F,-21, WPA2 ,0.000000,0.000000,0.000,0.000,AP
2026-07-29 21:19:35,1900-01-00 00:00:00,MTN_4G_45C30F,98:A9:42:45:C3:0F,-21, WPA2 ,0.000000,0.000000,0.000,0.000,AP
2026-07-29 21:19:35,1900-01-00 00:00:00,MTN_4G_45C30F,98:A9:42:45:C3:0F,-21, WPA2 ,0.000000,0.000000,0.000,0.000,AP
2026-07-29 21:19:35,1900-01-00 00:00:00,,5E:EE:FC:DC:AF:21,-24,,0.000000,0.000000,0.000,0.000,Client
2026-07-29 21:19:35,1900-01-00 00:00:00,,5E:EE:FC:DC:AF:21,-22,,0.000000,0.000000,0.000,0.000,Client
2026-07-29 21:19:35,1900-01-00 00:00:00,MTN_4G_45C30F,98:A9:42:45:C3:0F,-21, WPA2 ,0.000000,0.000000,0.000,0.000,AP
2026-07-29 21:19:36,1900-01-00 00:00:00,MTN_4G_45C30F,98:A9:42:45:C3:0F,-21, WPA2 ,0.000000,0.000000,0.000,0.000,AP
2026-07-29 21:19:36,1900-01-00 00:00:00,MTN_4G_45C30F,98:A9:42:45:C3:0F,-21, WPA2 ,0.000000,0.000000,0.000,0.000,AP
2026-07-29 21:19:36,1900-01-00 00:00:00,MTN_4G_45C30F,98:A9:42:45:C3:0F,-26, WPA2 ,0.000000,0.000000,0.000,0.000,AP
2026-07-29 21:19:36,1900-01-00 00:00:00,MTN_4G_45C30F,98:A9:42:45:C3:0F,-21, WPA2 ,0.000000,0.000000,0.000,0.000,AP
2026-07-29 21:19:36,1900-01-00 00:00:00,MTN_4G_45C30F,98:A9:42:45:C3:0F,-26, WPA2 ,0.000000,0.000000,0.000,0.000,AP
2026-07-29 21:19:36,1900-01-00 00:00:00,,5E:EE:FC:DC:AF:21,-24,,0.000000,0.000000,0.000,0.000,Client
2026-07-29 21:19:36,1900-01-00 00:00:00,MTN_4G_45C30F,98:A9:42:45:C3:0F,-21, WPA2 ,0.000000,0.000000,0.000,0.000,AP
2026-07-29 21:19:36,1900-01-00 00:00:00,,5E:EE:FC:DC:AF:21,-22,,0.000000,0.000000,0.000,0.000,Client
2026-07-29 21:19:36,1900-01-00 00:00:00,MTN_4G_45C30F,98:A9:42:45:C3:0F,-21, WPA2 ,0.000000,0.000000,0.000,0.000,AP
2026-07-29 21:19:36,1900-01-00 00:00:00,MTN_4G_45C30F,98:A9:42:45:C3:0F,-21, WPA2 ,0.000000,0.000000,0.000,0.000,AP
2026-07-29 21:19:36,1900-01-00 00:00:00,MTN_4G_45C30F,98:A9:42:45:C3:0F,-21, WPA2 ,0.000000,0.000000,0.000,0.000,AP
2026-07-29 21:19:36,1900-01-00 00:00:00,MTN_4G_45C30F,98:A9:42:45:C3:0F,-21, WPA2 ,0.000000,0.000000,0.000,0.000,AP
2026-07-29 21:19:36,1900-01-00 00:00:00,MTN_4G_45C30F,98:A9:42:45:C3:0F,-21, WPA2 ,0.000000,0.000000,0.000,0.000,AP
2026-07-29 21:19:36,1900-01-00 00:00:00,MTN_4G_45C30F,98:A9:42:45:C3:0F,-21, WPA2 ,0.000000,0.000000,0.000,0.000,AP
2026-07-29 21:19:37,1900-01-00 00:00:00,MTN_4G_45C30F,98:A9:42:45:C3:0F,-21, WPA2 ,0.000000,0.000000,0.000,0.000,AP
2026-07-29 21:19:37,1900-01-00 00:00:00,,5E:EE:FC:DC:AF:21,-24,,0.000000,0.000000,0.000,0.000,Client
2026-07-29 21:19:37,1900-01-00 00:00:00,,5E:EE:FC:DC:AF:21,-22,,0.000000,0.000000,0.000,0.000,Client
2026-07-29 21:19:37,1900-01-00 00:00:00,MTN_4G_45C30F,98:A9:42:45:C3:0F,-21, WPA2 ,0.000000,0.000000,0.000,0.000,AP
2026-07-29 21:19:37,1900-01-00 00:00:00,MTN_4G_45C30F,98:A9:42:45:C3:0F,-21, WPA2 ,0.000000,0.000000,0.000,0.000,AP
2026-07-29 21:19:37,1900-01-00 00:00:00,MTN_4G_45C30F,98:A9:42:45:C3:0F,-26, WPA2 ,0.000000,0.000000,0.000,0.000,AP
2026-07-29 21:19:37,1900-01-00 00:00:00,MTN_4G_45C30F,98:A9:42:45:C3:0F,-21, WPA2 ,0.000000,0.000000,0.000,0.000,AP
2026-07-29 21:19:37,1900-01-00 00:00:00,MTN_4G_45C30F,98:A9:42:45:C3:0F,-21, WPA2 ,0.000000,0.000000,0.000,0.000,AP
2026-07-29 21:19:37,1900-01-00 00:00:00,MTN_4G_45C30F,98:A9:42:45:C3:0F,-21, WPA2 ,0.000000,0.000000,0.000,0.000,AP
2026-07-29 21:19:37,1900-01-00 00:00:00,,5E:EE:FC:DC:AF:21,-21,,0.000000,0.000000,0.000,0.000,Client
2026-07-29 21:19:37,1900-01-00 00:00:00,MTN_4G_45C30F,98:A9:42:45:C3:0F,-21, WPA2 ,0.000000,0.000000,0.000,0.000,AP
2026-07-29 21:19:37,1900-01-00 00:00:00,MTN_4G_45C30F,98:A9:42:45:C3:0F,-21, WPA2 ,0.000000,0.000000,0.000,0.000,AP
2026-07-29 21:19:37,1900-01-00 00:00:00,MTN_4G_45C30F,98:A9:42:45:C3:0F,-21, WPA2 ,0.000000,0.000000,0.000,0.000,AP
2026-07-29 21:19:37,1900-01-00 00:00:00,MTN_4G_45C30F,98:A9:42:45:C3:0F,-21, WPA2 ,0.000000,0.000000,0.000,0.000,AP
2026-07-29 21:19:37,1900-01-00 00:00:00,MTN_4G_45C30F,98:A9:42:45:C3:0F,-21, WPA2 ,0.000000,0.000000,0.000,0.000,AP
2026-07-29 21:19:37,1900-01-00 00:00:00,,5E:EE:FC:DC:AF:21,-23,,0.000000,0.000000,0.000,0.000,Client
2026-07-29 21:19:37,1900-01-00 00:00:00,,5E:EE:FC:DC:AF:21,-23,,0.000000,0.000000,0.000,0.000,Client
2026-07-29 21:19:37,1900-01-00 00:00:00,,5E:EE:FC:DC:AF:21,-21,,0.000000,0.000000,0.000,0.000,Client
2026-07-29 21:19:37,1900-01-00 00:00:00,MTN_4G_45C30F,98:A9:42:45:C3:0F,-26, WPA2 ,0.000000,0.000000,0.000,0.000,AP
2026-07-29 21:19:37,1900-01-00 00:00:00,MTN_4G_45C30F,98:A9:42:45:C3:0F,-26, WPA2 ,0.000000,0.000000,0.000,0.000,AP
2026-07-29 21:19:37,1900-01-00 00:00:00,,5E:EE:FC:DC:AF:21,-23,,0.000000,0.000000,0.000,0.000,Client
2026-07-29 21:19:38,1900-01-00 00:00:00,MTN_4G_45C30F,98:A9:42:45:C3:0F,-21, WPA2 ,0.000000,0.000000,0.000,0.000,AP
2026-07-29 21:19:38,1900-01-00 00:00:00,MTN_4G_45C30F,98:A9:42:45:C3:0F,-21, WPA2 ,0.000000,0.000000,0.000,0.000,AP
2026-07-29 21:19:38,1900-01-00 00:00:00,,5E:EE:FC:DC:AF:21,-21,,0.000000,0.000000,0.000,0.000,Client
2026-07-29 21:19:38,1900-01-00 00:00:00,MTN_4G_45C30F,98:A9:42:45:C3:0F,-21, WPA2 ,0.000000,0.000000,0.000,0.000,AP
2026-07-29 21:19:38,1900-01-00 00:00:00,MTN_4G_45C30F,98:A9:42:45:C3:0F,-21, WPA2 ,0.000000,0.000000,0.000,0.000,AP
2026-07-29 21:19:38,1900-01-00 00:00:00,MTN_4G_45C30F,98:A9:42:45:C3:0F,-21, WPA2 ,0.000000,0.000000,0.000,0.000,AP
2026-07-29 21:19:38,1900-01-00 00:00:00,MTN_4G_45C30F,98:A9:42:45:C3:0F,-21, WPA2 ,0.000000,0.000000,0.000,0.000,AP
2026-07-29 21:19:38,1900-01-00 00:00:00,MTN_4G_45C30F,98:A9:42:45:C3:0F,-21, WPA2 ,0.000000,0.000000,0.000,0.000,AP
2026-07-29 21:19:38,1900-01-00 00:00:00,MTN_4G_45C30F,98:A9:42:45:C3:0F,-21, WPA2 ,0.000000,0.000000,0.000,0.000,AP
2026-07-29 21:19:38,1900-01-00 00:00:00,MTN_4G_45C30F,98:A9:42:45:C3:0F,-21, WPA2 ,0.000000,0.000000,0.000,0.000,AP
2026-07-29 21:19:38,1900-01-00 00:00:00,MTN_4G_45C30F,98:A9:42:45:C3:0F,-21, WPA2 ,0.000000,0.000000,0.000,0.000,AP
2026-07-29 21:19:38,1900-01-00 00:00:00,MTN_4G_45C30F,98:A9:42:45:C3:0F,-21, WPA2 ,0.000000,0.000000,0.000,0.000,AP
2026-07-29 21:19:39,1900-01-00 00:00:00,MTN_4G_45C30F,98:A9:42:45:C3:0F,-21, WPA2 ,0.000000,0.000000,0.000,0.000,AP
2026-07-29 21:19:39,1900-01-00 00:00:00,MTN_4G_45C30F,98:A9:42:45:C3:0F,-21, WPA2 ,0.000000,0.000000,0.000,0.000,AP
2026-07-29 21:19:39,1900-01-00 00:00:00,MTN_4G_45C30F,98:A9:42:45:C3:0F,-21, WPA2 ,0.000000,0.000000,0.000,0.000,AP
2026-07-29 21:19:39,1900-01-00 00:00:00,MTN_4G_45C30F,98:A9:42:45:C3:0F,-21, WPA2 ,0.000000,0.000000,0.000,0.000,AP
2026-07-29 21:19:39,1900-01-00 00:00:00,MTN_4G_45C30F,98:A9:42:45:C3:0F,-21, WPA2 ,0.000000,0.000000,0.000,0.000,AP
2026-07-29 21:19:39,1900-01-00 00:00:00,MTN_4G_45C30F,98:A9:42:45:C3:0F,-21, WPA2 ,0.000000,0.000000,0.000,0.000,AP
2026-07-29 21:19:39,1900-01-00 00:00:00,MTN_4G_45C30F,98:A9:42:45:C3:0F,-21, WPA2 ,0.000000,0.000000,0.000,0.000,AP
2026-07-29 21:19:39,1900-01-00 00:00:00,MTN_4G_45C30F,98:A9:42:45:C3:0F,-21, WPA2 ,0.000000,0.000000,0.000,0.000,AP
2026-07-29 21:19:39,1900-01-00 00:00:00,MTN_4G_45C30F,98:A9:42:45:C3:0F,-21, WPA2 ,0.000000,0.000000,0.000,0.000,AP
2026-07-29 21:19:39,1900-01-00 00:00:00,MTN_4G_45C30F,98:A9:42:45:C3:0F,-21, WPA2 ,0.000000,0.000000,0.000,0.000,AP
2026-07-29 21:19:39,1900-01-00 00:00:00,MTN_4G_45C30F,98:A9:42:45:C3:0F,-21, WPA2 ,0.000000,0.000000,0.000,0.000,AP
2026-07-29 21:19:40,1900-01-00 00:00:00,MTN_4G_45C30F,98:A9:42:45:C3:0F,-21, WPA2 ,0.000000,0.000000,0.000,0.000,AP
2026-07-29 21:19:40,1900-01-00 00:00:00,MTN_4G_45C30F,98:A9:42:45:C3:0F,-20, WPA2 ,0.000000,0.000000,0.000,0.000,AP
2026-07-29 21:19:40,1900-01-00 00:00:00,MTN_4G_45C30F,98:A9:42:45:C3:0F,-21, WPA2 ,0.000000,0.000000,0.000,0.000,AP
2026-07-29 21:19:40,1900-01-00 00:00:00,MTN_4G_45C30F,98:A9:42:45:C3:0F,-21, WPA2 ,0.000000,0.000000,0.000,0.000,AP
2026-07-29 21:19:40,1900-01-00 00:00:00,MTN_4G_45C30F,98:A9:42:45:C3:0F,-21, WPA2 ,0.000000,0.000000,0.000,0.000,AP
2026-07-29 21:19:40,1900-01-00 00:00:00,MTN_4G_45C30F,98:A9:42:45:C3:0F,-21, WPA2 ,0.000000,0.000000,0.000,0.000,AP
2026-07-29 21:19:40,1900-01-00 00:00:00,MTN_4G_45C30F,98:A9:42:45:C3:0F,-21, WPA2 ,0.000000,0.000000,0.000,0.000,AP
2026-07-29 21:19:40,1900-01-00 00:00:00,MTN_4G_45C30F,98:A9:42:45:C3:0F,-21, WPA2 ,0.000000,0.000000,0.000,0.000,AP
2026-07-29 21:19:40,1900-01-00 00:00:00,MTN_4G_45C30F,98:A9:42:45:C3:0F,-21, WPA2 ,0.000000,0.000000,0.000,0.000,AP
2026-07-29 21:19:40,1900-01-00 00:00:00,MTN_4G_45C30F,98:A9:42:45:C3:0F,-21, WPA2 ,0.000000,0.000000,0.000,0.000,AP
2026-07-29 21:19:41,1900-01-00 00:00:00,MTN_4G_45C30F,98:A9:42:45:C3:0F,-21, WPA2 ,0.000000,0.000000,0.000,0.000,AP
2026-07-29 21:19:41,1900-01-00 00:00:00,MTN_4G_45C30F,98:A9:42:45:C3:0F,-21, WPA2 ,0.000000,0.000000,0.000,0.000,AP
2026-07-29 21:19:41,1900-01-00 00:00:00,MTN_4G_45C30F,98:A9:42:45:C3:0F,-21, WPA2 ,0.000000,0.000000,0.000,0.000,AP
2026-07-29 21:19:41,1900-01-00 00:00:00,MTN_4G_45C30F,98:A9:42:45:C3:0F,-21, WPA2 ,0.000000,0.000000,0.000,0.000,AP
2026-07-29 21:19:41,1900-01-00 00:00:00,MTN_4G_45C30F,98:A9:42:45:C3:0F,-21, WPA2 ,0.000000,0.000000,0.000,0.000,AP
2026-07-29 21:19:41,1900-01-00 00:00:00,MTN_4G_45C30F,98:A9:42:45:C3:0F,-21, WPA2 ,0.000000,0.000000,0.000,0.000,AP
2026-07-29 21:19:41,1900-01-00 00:00:00,MTN_4G_45C30F,98:A9:42:45:C3:0F,-21, WPA2 ,0.000000,0.000000,0.000,0.000,AP
2026-07-29 21:19:41,1900-01-00 00:00:00,MTN_4G_45C30F,98:A9:42:45:C3:0F,-21, WPA2 ,0.000000,0.000000,0.000,0.000,AP
2026-07-29 21:19:41,1900-01-00 00:00:00,MTN_4G_45C30F,98:A9:42:45:C3:0F,-21, WPA2 ,0.000000,0.000000,0.000,0.000,AP
2026-07-29 21:19:41,1900-01-00 00:00:00,MTN_4G_45C30F,98:A9:42:45:C3:0F,-21, WPA2 ,0.000000,0.000000,0.000,0.000,AP
2026-07-29 21:19:41,1900-01-00 00:00:00,MTN_4G_45C30F,98:A9:42:45:C3:0F,-21, WPA2 ,0.000000,0.000000,0.000,0.000,AP
2026-07-29 21:19:42,1900-01-00 00:00:00,MTN_4G_45C30F,98:A9:42:45:C3:0F,-21, WPA2 ,0.000000,0.000000,0.000,0.000,AP
2026-07-29 21:19:42,1900-01-00 00:00:00,MTN_4G_45C30F,98:A9:42:45:C3:0F,-21, WPA2 ,0.000000,0.000000,0.000,0.000,AP
2026-07-29 21:19:42,1900-01-00 00:00:00,MTN_4G_45C30F,98:A9:42:45:C3:0F,-21, WPA2 ,0.000000,0.000000,0.000,0.000,AP
2026-07-29 21:19:42,1900-01-00 00:00:00,MTN_4G_45C30F,98:A9:42:45:C3:0F,-21, WPA2 ,0.000000,0.000000,0.000,0.000,AP
2026-07-29 21:19:42,1900-01-00 00:00:00,MTN_4G_45C30F,98:A9:42:45:C3:0F,-21, WPA2 ,0.000000,0.000000,0.000,0.000,AP
2026-07-29 21:19:42,1900-01-00 00:00:00,MTN_4G_45C30F,98:A9:42:45:C3:0F,-21, WPA2 ,0.000000,0.000000,0.000,0.000,AP
2026-07-29 21:19:42,1900-01-00 00:00:00,MTN_4G_45C30F,98:A9:42:45:C3:0F,-21, WPA2 ,0.000000,0.000000,0.000,0.000,AP
2026-07-29 21:19:42,1900-01-00 00:00:00,MTN_4G_45C30F,98:A9:42:45:C3:0F,-21, WPA2 ,0.000000,0.000000,0.000,0.000,AP
2026-07-29 21:19:42,1900-01-00 00:00:00,MTN_4G_45C30F,98:A9:42:45:C3:0F,-21, WPA2 ,0.000000,0.000000,0.000,0.000,AP
2026-07-29 21:19:42,1900-01-00 00:00:00,MTN_4G_45C30F,98:A9:42:45:C3:0F,-21, WPA2 ,0.000000,0.000000,0.000,0.000,AP
2026-07-29 21:19:42,1900-01-00 00:00:00,MTN_4G_45C30F,98:A9:42:45:C3:0F,-21, WPA2 ,0.000000,0.000000,0.000,0.000,AP
2026-07-29 21:19:43,1900-01-00 00:00:00,MTN_4G_45C30F,98:A9:42:45:C3:0F,-21, WPA2 ,0.000000,0.000000,0.000,0.000,AP
2026-07-29 21:19:43,1900-01-00 00:00:00,MTN_4G_45C30F,98:A9:42:45:C3:0F,-21, WPA2 ,0.000000,0.000000,0.000,0.000,AP
2026-07-29 21:19:43,1900-01-00 00:00:00,MTN_4G_45C30F,98:A9:42:45:C3:0F,-21, WPA2 ,0.000000,0.000000,0.000,0.000,AP
2026-07-29 21:19:43,1900-01-00 00:00:00,MTN_4G_45C30F,98:A9:42:45:C3:0F,-21, WPA2 ,0.000000,0.000000,0.000,0.000,AP
2026-07-29 21:19:43,1900-01-00 00:00:00,MTN_4G_45C30F,98:A9:42:45:C3:0F,-21, WPA2 ,0.000000,0.000000,0.000,0.000,AP
2026-07-29 21:19:43,1900-01-00 00:00:00,MTN_4G_45C30F,98:A9:42:45:C3:0F,-21, WPA2 ,0.000000,0.000000,0.000,0.000,AP
2026-07-29 21:19:43,1900-01-00 00:00:00,MTN_4G_45C30F,98:A9:42:45:C3:0F,-21, WPA2 ,0.000000,0.000000,0.000,0.000,AP
2026-07-29 21:19:43,1900-01-00 00:00:00,MTN_4G_45C30F,98:A9:42:45:C3:0F,-21, WPA2 ,0.000000,0.000000,0.000,0.000,AP
2026-07-29 21:19:43,1900-01-00 00:00:00,MTN_4G_45C30F,98:A9:42:45:C3:0F,-21, WPA2 ,0.000000,0.000000,0.000,0.000,AP
2026-07-29 21:19:43,1900-01-00 00:00:00,MTN_4G_45C30F,98:A9:42:45:C3:0F,-21, WPA2 ,0.000000,0.000000,0.000,0.000,AP
2026-07-29 21:19:43,1900-01-00 00:00:00,MTN_4G_45C30F,98:A9:42:45:C3:0F,-21, WPA2 ,0.000000,0.000000,0.000,0.000,AP
2026-07-29 21:19:44,1900-01-00 00:00:00,,5E:EE:FC:DC:AF:21,-24,,0.000000,0.000000,0.000,0.000,Client
2026-07-29 21:19:44,1900-01-00 00:00:00,,5E:EE:FC:DC:AF:21,-21,,0.000000,0.000000,0.000,0.000,Client
2026-07-29 21:19:44,1900-01-00 00:00:00,MTN_4G_45C30F,98:A9:42:45:C3:0F,-26, WPA2 ,0.000000,0.000000,0.000,0.000,AP
2026-07-29 21:19:44,1900-01-00 00:00:00,,5E:EE:FC:DC:AF:21,-24,,0.000000,0.000000,0.000,0.000,Client
2026-07-29 21:19:44,1900-01-00 00:00:00,,5E:EE:FC:DC:AF:21,-24,,0.000000,0.000000,0.000,0.000,Client
2026-07-29 21:19:44,1900-01-00 00:00:00,,5E:EE:FC:DC:AF:21,-24,,0.000000,0.000000,0.000,0.000,Client
2026-07-29 21:19:44,1900-01-00 00:00:00,MTN_4G_45C30F,98:A9:42:45:C3:0F,-26, WPA2 ,0.000000,0.000000,0.000,0.000,AP
2026-07-29 21:19:44,1900-01-00 00:00:00,,5E:EE:FC:DC:AF:21,-24,,0.000000,0.000000,0.000,0.000,Client
2026-07-29 21:19:44,1900-01-00 00:00:00,MTN_4G_45C30F,98:A9:42:45:C3:0F,-21, WPA2 ,0.000000,0.000000,0.000,0.000,AP
2026-07-29 21:19:44,1900-01-00 00:00:00,MTN_4G_45C30F,98:A9:42:45:C3:0F,-21, WPA2 ,0.000000,0.000000,0.000,0.000,AP
2026-07-29 21:19:44,1900-01-00 00:00:00,MTN_4G_45C30F,98:A9:42:45:C3:0F,-26, WPA2 ,0.000000,0.000000,0.000,0.000,AP
2026-07-29 21:19:44,1900-01-00 00:00:00,MTN_4G_45C30F,98:A9:42:45:C3:0F,-26, WPA2 ,0.000000,0.000000,0.000,0.000,AP
2026-07-29 21:19:44,1900-01-00 00:00:00,,5E:EE:FC:DC:AF:21,-24,,0.000000,0.000000,0.000,0.000,Client
2026-07-29 21:19:44,1900-01-00 00:00:00,,5E:EE:FC:DC:AF:21,-24,,0.000000,0.000000,0.000,0.000,Client
2026-07-29 21:19:44,1900-01-00 00:00:00,,5E:EE:FC:DC:AF:21,-24,,0.000000,0.000000,0.000,0.000,Client
2026-07-29 21:19:44,1900-01-00 00:00:00,MTN_4G_45C30F,98:A9:42:45:C3:0F,-26, WPA2 ,0.000000,0.000000,0.000,0.000,AP
2026-07-29 21:19:44,1900-01-00 00:00:00,MTN_4G_45C30F,98:A9:42:45:C3:0F,-26, WPA2 ,0.000000,0.000000,0.000,0.000,AP
2026-07-29 21:19:44,1900-01-00 00:00:00,MTN_4G_45C30F,98:A9:42:45:C3:0F,-26, WPA2 ,0.000000,0.000000,0.000,0.000,AP
2026-07-29 21:19:44,1900-01-00 00:00:00,MTN_4G_45C30F,98:A9:42:45:C3:0F,-26, WPA2 ,0.000000,0.000000,0.000,0.000,AP
2026-07-29 21:19:44,1900-01-00 00:00:00,MTN_4G_45C30F,98:A9:42:45:C3:0F,-26, WPA2 ,0.000000,0.000000,0.000,0.000,AP
2026-07-29 21:19:44,1900-01-00 00:00:00,,5E:EE:FC:DC:AF:21,-24,,0.000000,0.000000,0.000,0.000,Client
2026-07-29 21:19:44,1900-01-00 00:00:00,,5E:EE:FC:DC:AF:21,-24,,0.000000,0.000000,0.000,0.000,Client
2026-07-29 21:19:44,1900-01-00 00:00:00,MTN_4G_45C30F,98:A9:42:45:C3:0F,-26, WPA2 ,0.000000,0.000000,0.000,0.000,AP
2026-07-29 21:19:44,1900-01-00 00:00:00,,5E:EE:FC:DC:AF:21,-24,,0.000000,0.000000,0.000,0.000,Client
2026-07-29 21:19:44,1900-01-00 00:00:00,MTN_4G_45C30F,98:A9:42:45:C3:0F,-21, WPA2 ,0.000000,0.000000,0.000,0.000,AP
2026-07-29 21:19:44,1900-01-00 00:00:00,MTN_4G_45C30F,98:A9:42:45:C3:0F,-26, WPA2 ,0.000000,0.000000,0.000,0.000,AP
2026-07-29 21:19:44,1900-01-00 00:00:00,,5E:EE:FC:DC:AF:21,-24,,0.000000,0.000000,0.000,0.000,Client
2026-07-29 21:19:44,1900-01-00 00:00:00,MTN_4G_45C30F,98:A9:42:45:C3:0F,-26, WPA2 ,0.000000,0.000000,0.000,0.000,AP
2026-07-29 21:19:44,1900-01-00 00:00:00,MTN_4G_45C30F,98:A9:42:45:C3:0F,-26, WPA2 ,0.000000,0.000000,0.000,0.000,AP
2026-07-29 21:19:44,1900-01-00 00:00:00,MTN_4G_45C30F,98:A9:42:45:C3:0F,-26, WPA2 ,0.000000,0.000000,0.000,0.000,AP
2026-07-29 21:19:44,1900-01-00 00:00:00,MTN_4G_45C30F,98:A9:42:45:C3:0F,-26, WPA2 ,0.000000,0.000000,0.000,0.000,AP
2026-07-29 21:19:44,1900-01-00 00:00:00,MTN_4G_45C30F,98:A9:42:45:C3:0F,-26, WPA2 ,0.000000,0.000000,0.000,0.000,AP
2026-07-29 21:19:44,1900-01-00 00:00:00,,5E:EE:FC:DC:AF:21,-24,,0.000000,0.000000,0.000,0.000,Client
2026-07-29 21:19:44,1900-01-00 00:00:00,,5E:EE:FC:DC:AF:21,-24,,0.000000,0.000000,0.000,0.000,Client
2026-07-29 21:19:44,1900-01-00 00:00:00,,5E:EE:FC:DC:AF:21,-24,,0.000000,0.000000,0.000,0.000,Client
2026-07-29 21:19:44,1900-01-00 00:00:00,,5E:EE:FC:DC:AF:21,-24,,0.000000,0.000000,0.000,0.000,Client
2026-07-29 21:19:44,1900-01-00 00:00:00,,5E:EE:FC:DC:AF:21,-24,,0.000000,0.000000,0.000,0.000,Client
2026-07-29 21:19:44,1900-01-00 00:00:00,MTN_4G_45C30F,98:A9:42:45:C3:0F,-26, WPA2 ,0.000000,0.000000,0.000,0.000,AP
2026-07-29 21:19:44,1900-01-00 00:00:00,MTN_4G_45C30F,98:A9:42:45:C3:0F,-21, WPA2 ,0.000000,0.000000,0.000,0.000,AP
2026-07-29 21:19:44,1900-01-00 00:00:00,,5E:EE:FC:DC:AF:21,-24,,0.000000,0.000000,0.000,0.000,Client
2026-07-29 21:19:44,1900-01-00 00:00:00,MTN_4G_45C30F,98:A9:42:45:C3:0F,-27, WPA2 ,0.000000,0.000000,0.000,0.000,AP
2026-07-29 21:19:44,1900-01-00 00:00:00,,5E:EE:FC:DC:AF:21,-24,,0.000000,0.000000,0.000,0.000,Client
2026-07-29 21:19:44,1900-01-00 00:00:00,,5E:EE:FC:DC:AF:21,-24,,0.000000,0.000000,0.000,0.000,Client
2026-07-29 21:19:44,1900-01-00 00:00:00,MTN_4G_45C30F,98:A9:42:45:C3:0F,-21, WPA2 ,0.000000,0.000000,0.000,0.000,AP
2026-07-29 21:19:44,1900-01-00 00:00:00,MTN_4G_45C30F,98:A9:42:45:C3:0F,-21, WPA2 ,0.000000,0.000000,0.000,0.000,AP
2026-07-29 21:19:44,1900-01-00 00:00:00,MTN_4G_45C30F,98:A9:42:45:C3:0F,-27, WPA2 ,0.000000,0.000000,0.000,0.000,AP
2026-07-29 21:19:44,1900-01-00 00:00:00,,5E:EE:FC:DC:AF:21,-24,,0.000000,0.000000,0.000,0.000,Client
2026-07-29 21:19:44,1900-01-00 00:00:00,MTN_4G_45C30F,98:A9:42:45:C3:0F,-21, WPA2 ,0.000000,0.000000,0.000,0.000,AP
2026-07-29 21:19:44,1900-01-00 00:00:00,MTN_4G_45C30F,98:A9:42:45:C3:0F,-27, WPA2 ,0.000000,0.000000,0.000,0.000,AP
2026-07-29 21:19:44,1900-01-00 00:00:00,MTN_4G_45C30F,98:A9:42:45:C3:0F,-21, WPA2 ,0.000000,0.000000,0.000,0.000,AP
2026-07-29 21:19:44,1900-01-00 00:00:00,MTN_4G_45C30F,98:A9:42:45:C3:0F,-26, WPA2 ,0.000000,0.000000,0.000,0.000,AP
2026-07-29 21:19:44,1900-01-00 00:00:00,,5E:EE:FC:DC:AF:21,-24,,0.000000,0.000000,0.000,0.000,Client
2026-07-29 21:19:44,1900-01-00 00:00:00,MTN_4G_45C30F,98:A9:42:45:C3:0F,-21, WPA2 ,0.000000,0.000000,0.000,0.000,AP
2026-07-29 21:19:44,1900-01-00 00:00:00,MTN_4G_45C30F,98:A9:42:45:C3:0F,-21, WPA2 ,0.000000,0.000000,0.000,0.000,AP
2026-07-29 21:19:45,1900-01-00 00:00:00,MTN_4G_45C30F,98:A9:42:45:C3:0F,-21, WPA2 ,0.000000,0.000000,0.000,0.000,AP
2026-07-29 21:19:45,1900-01-00 00:00:00,,5E:EE:FC:DC:AF:21,-22,,0.000000,0.000000,0.000,0.000,Client
2026-07-29 21:19:45,1900-01-00 00:00:00,MTN_4G_45C30F,98:A9:42:45:C3:0F,-21, WPA2 ,0.000000,0.000000,0.000,0.000,AP
2026-07-29 21:19:45,1900-01-00 00:00:00,MTN_4G_45C30F,98:A9:42:45:C3:0F,-21, WPA2 ,0.000000,0.000000,0.000,0.000,AP
2026-07-29 21:19:45,1900-01-00 00:00:00,,5E:EE:FC:DC:AF:21,-22,,0.000000,0.000000,0.000,0.000,Client
2026-07-29 21:19:45,1900-01-00 00:00:00,MTN_4G_45C30F,98:A9:42:45:C3:0F,-27, WPA2 ,0.000000,0.000000,0.000,0.000,AP
2026-07-29 21:19:45,1900-01-00 00:00:00,MTN_4G_45C30F,98:A9:42:45:C3:0F,-27, WPA2 ,0.000000,0.000000,0.000,0.000,AP
2026-07-29 21:19:45,1900-01-00 00:00:00,,5E:EE:FC:DC:AF:21,-24,,0.000000,0.000000,0.000,0.000,Client
2026-07-29 21:19:45,1900-01-00 00:00:00,MTN_4G_45C30F,98:A9:42:45:C3:0F,-21, WPA2 ,0.000000,0.000000,0.000,0.000,AP
2026-07-29 21:19:45,1900-01-00 00:00:00,MTN_4G_45C30F,98:A9:42:45:C3:0F,-21, WPA2 ,0.000000,0.000000,0.000,0.000,AP
2026-07-29 21:19:45,1900-01-00 00:00:00,MTN_4G_45C30F,98:A9:42:45:C3:0F,-21, WPA2 ,0.000000,0.000000,0.000,0.000,AP
2026-07-29 21:19:45,1900-01-00 00:00:00,MTN_4G_45C30F,98:A9:42:45:C3:0F,-21, WPA2 ,0.000000,0.000000,0.000,0.000,AP
2026-07-29 21:19:45,1900-01-00 00:00:00,,5E:EE:FC:DC:AF:21,-22,,0.000000,0.000000,0.000,0.000,Client
2026-07-29 21:19:45,1900-01-00 00:00:00,MTN_4G_45C30F,98:A9:42:45:C3:0F,-21, WPA2 ,0.000000,0.000000,0.000,0.000,AP
2026-07-29 21:19:45,1900-01-00 00:00:00,MTN_4G_45C30F,98:A9:42:45:C3:0F,-21, WPA2 ,0.000000,0.000000,0.000,0.000,AP
2026-07-29 21:19:45,1900-01-00 00:00:00,MTN_4G_45C30F,98:A9:42:45:C3:0F,-21, WPA2 ,0.000000,0.000000,0.000,0.000,AP
2026-07-29 21:19:45,1900-01-00 00:00:00,MTN_4G_45C30F,98:A9:42:45:C3:0F,-21, WPA2 ,0.000000,0.000000,0.000,0.000,AP
2026-07-29 21:19:46,1900-01-00 00:00:00,MTN_4G_45C30F,98:A9:42:45:C3:0F,-21, WPA2 ,0.000000,0.000000,0.000,0.000,AP
2026-07-29 21:19:46,1900-01-00 00:00:00,MTN_4G_45C30F,98:A9:42:45:C3:0F,-21, WPA2 ,0.000000,0.000000,0.000,0.000,AP
2026-07-29 21:19:46,1900-01-00 00:00:00,,5E:EE:FC:DC:AF:21,-22,,0.000000,0.000000,0.000,0.000,Client
2026-07-29 21:19:46,1900-01-00 00:00:00,MTN_4G_45C30F,98:A9:42:45:C3:0F,-26, WPA2 ,0.000000,0.000000,0.000,0.000,AP
2026-07-29 21:19:46,1900-01-00 00:00:00,MTN_4G_45C30F,98:A9:42:45:C3:0F,-21, WPA2 ,0.000000,0.000000,0.000,0.000,AP
2026-07-29 21:19:46,1900-01-00 00:00:00,MTN_4G_45C30F,98:A9:42:45:C3:0F,-21, WPA2 ,0.000000,0.000000,0.000,0.000,AP
2026-07-29 21:19:46,1900-01-00 00:00:00,,5E:EE:FC:DC:AF:21,-21,,0.000000,0.000000,0.000,0.000,Client
2026-07-29 21:19:46,1900-01-00 00:00:00,MTN_4G_45C30F,98:A9:42:45:C3:0F,-21, WPA2 ,0.000000,0.000000,0.000,0.000,AP
2026-07-29 21:19:46,1900-01-00 00:00:00,MTN_4G_45C30F,98:A9:42:45:C3:0F,-21, WPA2 ,0.000000,0.000000,0.000,0.000,AP
2026-07-29 21:19:46,1900-01-00 00:00:00,MTN_4G_45C30F,98:A9:42:45:C3:0F,-21, WPA2 ,0.000000,0.000000,0.000,0.000,AP
2026-07-29 21:19:46,1900-01-00 00:00:00,MTN_4G_45C30F,98:A9:42:45:C3:0F,-21, WPA2 ,0.000000,0.000000,0.000,0.000,AP
2026-07-29 21:19:46,1900-01-00 00:00:00,MTN_4G_45C30F,98:A9:42:45:C3:0F,-21, WPA2 ,0.000000,0.000000,0.000,0.000,AP
2026-07-29 21:19:46,1900-01-00 00:00:00,MTN_4G_45C30F,98:A9:42:45:C3:0F,-21, WPA2 ,0.000000,0.000000,0.000,0.000,AP
2026-07-29 21:19:46,1900-01-00 00:00:00,MTN_4G_45C30F,98:A9:42:45:C3:0F,-21, WPA2 ,0.000000,0.000000,0.000,0.000,AP
2026-07-29 21:19:47,1900-01-00 00:00:00,MTN_4G_45C30F,98:A9:42:45:C3:0F,-21, WPA2 ,0.000000,0.000000,0.000,0.000,AP
2026-07-29 21:19:47,1900-01-00 00:00:00,MTN_4G_45C30F,98:A9:42:45:C3:0F,-21, WPA2 ,0.000000,0.000000,0.000,0.000,AP
2026-07-29 21:19:47,1900-01-00 00:00:00,MTN_4G_45C30F,98:A9:42:45:C3:0F,-20, WPA2 ,0.000000,0.000000,0.000,0.000,AP
2026-07-29 21:19:47,1900-01-00 00:00:00,MTN_4G_45C30F,98:A9:42:45:C3:0F,-21, WPA2 ,0.000000,0.000000,0.000,0.000,AP
2026-07-29 21:19:47,1900-01-00 00:00:00,,5E:EE:FC:DC:AF:21,-24,,0.000000,0.000000,0.000,0.000,Client
2026-07-29 21:19:47,1900-01-00 00:00:00,,5E:EE:FC:DC:AF:21,-22,,0.000000,0.000000,0.000,0.000,Client
2026-07-29 21:19:47,1900-01-00 00:00:00,MTN_4G_45C30F,98:A9:42:45:C3:0F,-21, WPA2 ,0.000000,0.000000,0.000,0.000,AP
2026-07-29 21:19:47,1900-01-00 00:00:00,MTN_4G_45C30F,98:A9:42:45:C3:0F,-20, WPA2 ,0.000000,0.000000,0.000,0.000,AP
2026-07-29 21:19:47,1900-01-00 00:00:00,MTN_4G_45C30F,98:A9:42:45:C3:0F,-26, WPA2 ,0.000000,0.000000,0.000,0.000,AP
2026-07-29 21:19:47,1900-01-00 00:00:00,MTN_4G_45C30F,98:A9:42:45:C3:0F,-21, WPA2 ,0.000000,0.000000,0.000,0.000,AP
2026-07-29 21:19:47,1900-01-00 00:00:00,MTN_4G_45C30F,98:A9:42:45:C3:0F,-21, WPA2 ,0.000000,0.000000,0.000,0.000,AP
2026-07-29 21:19:47,1900-01-00 00:00:00,MTN_4G_45C30F,98:A9:42:45:C3:0F,-20, WPA2 ,0.000000,0.000000,0.000,0.000,AP
2026-07-29 21:19:47,1900-01-00 00:00:00,,5E:EE:FC:DC:AF:21,-21,,0.000000,0.000000,0.000,0.000,Client
2026-07-29 21:19:47,1900-01-00 00:00:00,MTN_4G_45C30F,98:A9:42:45:C3:0F,-20, WPA2 ,0.000000,0.000000,0.000,0.000,AP
2026-07-29 21:19:47,1900-01-00 00:00:00,MTN_4G_45C30F,98:A9:42:45:C3:0F,-21, WPA2 ,0.000000,0.000000,0.000,0.000,AP
2026-07-29 21:19:47,1900-01-00 00:00:00,MTN_4G_45C30F,98:A9:42:45:C3:0F,-20, WPA2 ,0.000000,0.000000,0.000,0.000,AP
2026-07-29 21:19:47,1900-01-00 00:00:00,MTN_4G_45C30F,98:A9:42:45:C3:0F,-20, WPA2 ,0.000000,0.000000,0.000,0.000,AP
2026-07-29 21:19:47,1900-01-00 00:00:00,MTN_4G_45C30F,98:A9:42:45:C3:0F,-21, WPA2 ,0.000000,0.000000,0.000,0.000,AP
2026-07-29 21:19:47,1900-01-00 00:00:00,MTN_4G_45C30F,98:A9:42:45:C3:0F,-20, WPA2 ,0.000000,0.000000,0.000,0.000,AP
2026-07-29 21:19:47,1900-01-00 00:00:00,MTN_4G_45C30F,98:A9:42:45:C3:0F,-20, WPA2 ,0.000000,0.000000,0.000,0.000,AP
2026-07-29 21:19:47,1900-01-00 00:00:00,MTN_4G_45C30F,98:A9:42:45:C3:0F,-21, WPA2 ,0.000000,0.000000,0.000,0.000,AP
2026-07-29 21:19:47,1900-01-00 00:00:00,MTN_4G_45C30F,98:A9:42:45:C3:0F,-21, WPA2 ,0.000000,0.000000,0.000,0.000,AP
2026-07-29 21:19:47,1900-01-00 00:00:00,MTN_4G_45C30F,98:A9:42:45:C3:0F,-21, WPA2 ,0.000000,0.000000,0.000,0.000,AP
2026-07-29 21:19:47,1900-01-00 00:00:00,,5E:EE:FC:DC:AF:21,-21,,0.000000,0.000000,0.000,0.000,Client
2026-07-29 21:19:47,1900-01-00 00:00:00,MTN_4G_45C30F,98:A9:42:45:C3:0F,-26, WPA2 ,0.000000,0.000000,0.000,0.000,AP
2026-07-29 21:19:47,1900-01-00 00:00:00,,5E:EE:FC:DC:AF:21,-23,,0.000000,0.000000,0.000,0.000,Client
2026-07-29 21:19:48,1900-01-00 00:00:00,MTN_4G_45C30F,98:A9:42:45:C3:0F,-21, WPA2 ,0.000000,0.000000,0.000,0.000,AP
2026-07-29 21:19:48,1900-01-00 00:00:00,MTN_4G_45C30F,98:A9:42:45:C3:0F,-21, WPA2 ,0.000000,0.000000,0.000,0.000,AP
2026-07-29 21:19:48,1900-01-00 00:00:00,,5E:EE:FC:DC:AF:21,-21,,0.000000,0.000000,0.000,0.000,Client
2026-07-29 21:19:48,1900-01-00 00:00:00,MTN_4G_45C30F,98:A9:42:45:C3:0F,-21, WPA2 ,0.000000,0.000000,0.000,0.000,AP
2026-07-29 21:19:48,1900-01-00 00:00:00,MTN_4G_45C30F,98:A9:42:45:C3:0F,-21, WPA2 ,0.000000,0.000000,0.000,0.000,AP
2026-07-29 21:19:48,1900-01-00 00:00:00,MTN_4G_45C30F,98:A9:42:45:C3:0F,-21, WPA2 ,0.000000,0.000000,0.000,0.000,AP
2026-07-29 21:19:48,1900-01-00 00:00:00,MTN_4G_45C30F,98:A9:42:45:C3:0F,-21, WPA2 ,0.000000,0.000000,0.000,0.000,AP
2026-07-29 21:19:48,1900-01-00 00:00:00,MTN_4G_45C30F,98:A9:42:45:C3:0F,-21, WPA2 ,0.000000,0.000000,0.000,0.000,AP
2026-07-29 21:19:48,1900-01-00 00:00:00,MTN_4G_45C30F,98:A9:42:45:C3:0F,-21, WPA2 ,0.000000,0.000000,0.000,0.000,AP
2026-07-29 21:19:48,1900-01-00 00:00:00,MTN_4G_45C30F,98:A9:42:45:C3:0F,-21, WPA2 ,0.000000,0.000000,0.000,0.000,AP
2026-07-29 21:19:48,1900-01-00 00:00:00,MTN_4G_45C30F,98:A9:42:45:C3:0F,-21, WPA2 ,0.000000,0.000000,0.000,0.000,AP
2026-07-29 21:19:48,1900-01-00 00:00:00,MTN_4G_45C30F,98:A9:42:45:C3:0F,-21, WPA2 ,0.000000,0.000000,0.000,0.000,AP
2026-07-29 21:19:49,1900-01-00 00:00:00,,5E:EE:FC:DC:AF:21,-24,,0.000000,0.000000,0.000,0.000,Client
2026-07-29 21:19:49,1900-01-00 00:00:00,,5E:EE:FC:DC:AF:21,-22,,0.000000,0.000000,0.000,0.000,Client
2026-07-29 21:19:49,1900-01-00 00:00:00,MTN_4G_45C30F,98:A9:42:45:C3:0F,-26, WPA2 ,0.000000,0.000000,0.000,0.000,AP
2026-07-29 21:19:49,1900-01-00 00:00:00,,5E:EE:FC:DC:AF:21,-25,,0.000000,0.000000,0.000,0.000,Client
2026-07-29 21:19:49,1900-01-00 00:00:00,MTN_4G_45C30F,98:A9:42:45:C3:0F,-26, WPA2 ,0.000000,0.000000,0.000,0.000,AP
2026-07-29 21:19:49,1900-01-00 00:00:00,MTN_4G_45C30F,98:A9:42:45:C3:0F,-21, WPA2 ,0.000000,0.000000,0.000,0.000,AP
2026-07-29 21:19:49,1900-01-00 00:00:00,MTN_4G_45C30F,98:A9:42:45:C3:0F,-21, WPA2 ,0.000000,0.000000,0.000,0.000,AP
2026-07-29 21:19:49,1900-01-00 00:00:00,MTN_4G_45C30F,98:A9:42:45:C3:0F,-26, WPA2 ,0.000000,0.000000,0.000,0.000,AP
2026-07-29 21:19:49,1900-01-00 00:00:00,,5E:EE:FC:DC:AF:21,-24,,0.000000,0.000000,0.000,0.000,Client
2026-07-29 21:19:49,1900-01-00 00:00:00,MTN_4G_45C30F,98:A9:42:45:C3:0F,-21, WPA2 ,0.000000,0.000000,0.000,0.000,AP
2026-07-29 21:19:49,1900-01-00 00:00:00,MTN_4G_45C30F,98:A9:42:45:C3:0F,-21, WPA2 ,0.000000,0.000000,0.000,0.000,AP
2026-07-29 21:19:49,1900-01-00 00:00:00,,5E:EE:FC:DC:AF:21,-21,,0.000000,0.000000,0.000,0.000,Client
2026-07-29 21:19:49,1900-01-00 00:00:00,MTN_4G_45C30F,98:A9:42:45:C3:0F,-21, WPA2 ,0.000000,0.000000,0.000,0.000,AP
2026-07-29 21:19:49,1900-01-00 00:00:00,MTN_4G_45C30F,98:A9:42:45:C3:0F,-21, WPA2 ,0.000000,0.000000,0.000,0.000,AP
2026-07-29 21:19:49,1900-01-00 00:00:00,MTN_4G_45C30F,98:A9:42:45:C3:0F,-21, WPA2 ,0.000000,0.000000,0.000,0.000,AP
2026-07-29 21:19:49,1900-01-00 00:00:00,MTN_4G_45C30F,98:A9:42:45:C3:0F,-21, WPA2 ,0.000000,0.000000,0.000,0.000,AP
2026-07-29 21:19:49,1900-01-00 00:00:00,MTN_4G_45C30F,98:A9:42:45:C3:0F,-21, WPA2 ,0.000000,0.000000,0.000,0.000,AP
2026-07-29 21:19:49,1900-01-00 00:00:00,MTN_4G_45C30F,98:A9:42:45:C3:0F,-21, WPA2 ,0.000000,0.000000,0.000,0.000,AP
2026-07-29 21:19:50,1900-01-00 00:00:00,MTN_4G_45C30F,98:A9:42:45:C3:0F,-21, WPA2 ,0.000000,0.000000,0.000,0.000,AP
2026-07-29 21:19:50,1900-01-00 00:00:00,,5E:EE:FC:DC:AF:21,-23,,0.000000,0.000000,0.000,0.000,Client
2026-07-29 21:19:50,1900-01-00 00:00:00,MTN_4G_45C30F,98:A9:42:45:C3:0F,-27, WPA2 ,0.000000,0.000000,0.000,0.000,AP
2026-07-29 21:19:50,1900-01-00 00:00:00,MTN_4G_45C30F,98:A9:42:45:C3:0F,-27, WPA2 ,0.000000,0.000000,0.000,0.000,AP
2026-07-29 21:19:50,1900-01-00 00:00:00,MTN_4G_45C30F,98:A9:42:45:C3:0F,-27, WPA2 ,0.000000,0.000000,0.000,0.000,AP
2026-07-29 21:19:50,1900-01-00 00:00:00,,5E:EE:FC:DC:AF:21,-25,,0.000000,0.000000,0.000,0.000,Client
2026-07-29 21:19:50,1900-01-00 00:00:00,,5E:EE:FC:DC:AF:21,-25,,0.000000,0.000000,0.000,0.000,Client
2026-07-29 21:19:50,1900-01-00 00:00:00,,5E:EE:FC:DC:AF:21,-25,,0.000000,0.000000,0.000,0.000,Client
2026-07-29 21:19:50,1900-01-00 00:00:00,,5E:EE:FC:DC:AF:21,-25,,0.000000,0.000000,0.000,0.000,Client
2026-07-29 21:19:50,1900-01-00 00:00:00,MTN_4G_45C30F,98:A9:42:45:C3:0F,-21, WPA2 ,0.000000,0.000000,0.000,0.000,AP
2026-07-29 21:19:50,1900-01-00 00:00:00,MTN_4G_45C30F,98:A9:42:45:C3:0F,-21, WPA2 ,0.000000,0.000000,0.000,0.000,AP
2026-07-29 21:19:50,1900-01-00 00:00:00,MTN_4G_45C30F,98:A9:42:45:C3:0F,-27, WPA2 ,0.000000,0.000000,0.000,0.000,AP
2026-07-29 21:19:50,1900-01-00 00:00:00,MTN_4G_45C30F,98:A9:42:45:C3:0F,-21, WPA2 ,0.000000,0.000000,0.000,0.000,AP
2026-07-29 21:19:50,1900-01-00 00:00:00,MTN_4G_45C30F,98:A9:42:45:C3:0F,-26, WPA2 ,0.000000,0.000000,0.000,0.000,AP
2026-07-29 21:19:50,1900-01-00 00:00:00,,5E:EE:FC:DC:AF:21,-20,,0.000000,0.000000,0.000,0.000,Client
2026-07-29 21:19:50,1900-01-00 00:00:00,MTN_4G_45C30F,98:A9:42:45:C3:0F,-21, WPA2 ,0.000000,0.000000,0.000,0.000,AP
2026-07-29 21:19:50,1900-01-00 00:00:00,MTN_4G_45C30F,98:A9:42:45:C3:0F,-21, WPA2 ,0.000000,0.000000,0.000,0.000,AP
2026-07-29 21:19:50,1900-01-00 00:00:00,MTN_4G_45C30F,98:A9:42:45:C3:0F,-21, WPA2 ,0.000000,0.000000,0.000,0.000,AP
2026-07-29 21:19:50,1900-01-00 00:00:00,MTN_4G_45C30F,98:A9:42:45:C3:0F,-21, WPA2 ,0.000000,0.000000,0.000,0.000,AP
2026-07-29 21:19:50,1900-01-00 00:00:00,,5E:EE:FC:DC:AF:21,-24,,0.000000,0.000000,0.000,0.000,Client
2026-07-29 21:19:50,1900-01-00 00:00:00,,5E:EE:FC:DC:AF:21,-24,,0.000000,0.000000,0.000,0.000,Client
2026-07-29 21:19:50,1900-01-00 00:00:00,,5E:EE:FC:DC:AF:21,-22,,0.000000,0.000000,0.000,0.000,Client
2026-07-29 21:19:50,1900-01-00 00:00:00,MTN_4G_45C30F,98:A9:42:45:C3:0F,-21, WPA2 ,0.000000,0.000000,0.000,0.000,AP
2026-07-29 21:19:50,1900-01-00 00:00:00,MTN_4G_45C30F,98:A9:42:45:C3:0F,-21, WPA2 ,0.000000,0.000000,0.000,0.000,AP
2026-07-29 21:19:50,1900-01-00 00:00:00,MTN_4G_45C30F,98:A9:42:45:C3:0F,-21, WPA2 ,0.000000,0.000000,0.000,0.000,AP
2026-07-29 21:19:50,1900-01-00 00:00:00,,5E:EE:FC:DC:AF:21,-21,,0.000000,0.000000,0.000,0.000,Client
2026-07-29 21:19:51,1900-01-00 00:00:00,MTN_4G_45C30F,98:A9:42:45:C3:0F,-21, WPA2 ,0.000000,0.000000,0.000,0.000,AP
2026-07-29 21:19:51,1900-01-00 00:00:00,MTN_4G_45C30F,98:A9:42:45:C3:0F,-21, WPA2 ,0.000000,0.000000,0.000,0.000,AP
2026-07-29 21:19:51,1900-01-00 00:00:00,,5E:EE:FC:DC:AF:21,-23,,0.000000,0.000000,0.000,0.000,Client
2026-07-29 21:19:51,1900-01-00 00:00:00,,5E:EE:FC:DC:AF:21,-21,,0.000000,0.000000,0.000,0.000,Client
2026-07-29 21:19:51,1900-01-00 00:00:00,MTN_4G_45C30F,98:A9:42:45:C3:0F,-21, WPA2 ,0.000000,0.000000,0.000,0.000,AP
2026-07-29 21:19:51,1900-01-00 00:00:00,MTN_4G_45C30F,98:A9:42:45:C3:0F,-21, WPA2 ,0.000000,0.000000,0.000,0.000,AP
2026-07-29 21:19:51,1900-01-00 00:00:00,MTN_4G_45C30F,98:A9:42:45:C3:0F,-26, WPA2 ,0.000000,0.000000,0.000,0.000,AP
2026-07-29 21:19:51,1900-01-00 00:00:00,,5E:EE:FC:DC:AF:21,-21,,0.000000,0.000000,0.000,0.000,Client
2026-07-29 21:19:51,1900-01-00 00:00:00,MTN_4G_45C30F,98:A9:42:45:C3:0F,-21, WPA2 ,0.000000,0.000000,0.000,0.000,AP
2026-07-29 21:19:51,1900-01-00 00:00:00,MTN_4G_45C30F,98:A9:42:45:C3:0F,-21, WPA2 ,0.000000,0.000000,0.000,0.000,AP
2026-07-29 21:19:51,1900-01-00 00:00:00,,5E:EE:FC:DC:AF:21,-21,,0.000000,0.000000,0.000,0.000,Client
2026-07-29 21:19:51,1900-01-00 00:00:00,MTN_4G_45C30F,98:A9:42:45:C3:0F,-27, WPA2 ,0.000000,0.000000,0.000,0.000,AP
2026-07-29 21:19:51,1900-01-00 00:00:00,MTN_4G_45C30F,98:A9:42:45:C3:0F,-27, WPA2 ,0.000000,0.000000,0.000,0.000,AP
2026-07-29 21:19:51,1900-01-00 00:00:00,,5E:EE:FC:DC:AF:21,-24,,0.000000,0.000000,0.000,0.000,Client
2026-07-29 21:19:51,1900-01-00 00:00:00,,5E:EE:FC:DC:AF:21,-23,,0.000000,0.000000,0.000,0.000,Client
2026-07-29 21:19:51,1900-01-00 00:00:00,MTN_4G_45C30F,98:A9:42:45:C3:0F,-21, WPA2 ,0.000000,0.000000,0.000,0.000,AP
2026-07-29 21:19:51,1900-01-00 00:00:00,MTN_4G_45C30F,98:A9:42:45:C3:0F,-21, WPA2 ,0.000000,0.000000,0.000,0.000,AP
2026-07-29 21:19:51,1900-01-00 00:00:00,MTN_4G_45C30F,98:A9:42:45:C3:0F,-21, WPA2 ,0.000000,0.000000,0.000,0.000,AP
2026-07-29 21:19:51,1900-01-00 00:00:00,MTN_4G_45C30F,98:A9:42:45:C3:0F,-21, WPA2 ,0.000000,0.000000,0.000,0.000,AP
2026-07-29 21:19:51,1900-01-00 00:00:00,MTN_4G_45C30F,98:A9:42:45:C3:0F,-21, WPA2 ,0.000000,0.000000,0.000,0.000,AP
2026-07-29 21:19:51,1900-01-00 00:00:00,,5E:EE:FC:DC:AF:21,-23,,0.000000,0.000000,0.000,0.000,Client
2026-07-29 21:19:52,1900-01-00 00:00:00,MTN_4G_45C30F,98:A9:42:45:C3:0F,-21, WPA2 ,0.000000,0.000000,0.000,0.000,AP
2026-07-29 21:19:52,1900-01-00 00:00:00,MTN_4G_45C30F,98:A9:42:45:C3:0F,-21, WPA2 ,0.000000,0.000000,0.000,0.000,AP
2026-07-29 21:19:52,1900-01-00 00:00:00,MTN_4G_45C30F,98:A9:42:45:C3:0F,-21, WPA2 ,0.000000,0.000000,0.000,0.000,AP
